DROP TABLE TB_LIGHTING CASCADE CONSTRAINTS;
DROP TABLE TB_CATEGORY CASCADE CONSTRAINTS;
DROP TABLE TB_MANUFACTURER CASCADE CONSTRAINTS;
DROP TABLE TB_NATIONAL CASCADE CONSTRAINTS;

CREATE TABLE TB_LIGHTING
(

  LIGHTING_NO              VARCHAR2(20) CONSTRAINT PK_LIGHTING_NO PRIMARY KEY,
  LIGHTING_NAME            VARCHAR2(80) NOT NULL,
  LIGHTING_PRICE           NUMBER(30),
  CATEGORY_NO              VARCHAR2(20),
  BULB_YN                  CHAR(1) DEFAULT 'N' CONSTRAINT CHECK_BULB_TB_LIGHTING CHECK(BULB_YN IN ('Y','N')),
  MANUFACTURER_NO          VARCHAR2(20),
  STOCK_QTY                NUMBER(30),
  REGIST_DATE              DATE DEFAULT SYSDATE,
  SALE_YN                  CHAR(1) DEFAULT 'Y' CONSTRAINT CHECK_SALE_TB_LIGHTING CHECK(SALE_YN IN ('Y','N')) 
);

CREATE SEQUENCE SEQ_LIGHTING_NO
START WITH 1
INCREMENT BY 1
MAXVALUE 9999
NOCYCLE
NOCACHE;

COMMENT ON COLUMN TB_LIGHTING.LIGHTING_NO IS '조명 번호' ;
COMMENT ON COLUMN TB_LIGHTING.LIGHTING_NAME IS '조명 이름' ;
COMMENT ON COLUMN TB_LIGHTING.LIGHTING_PRICE IS '조명 가격' ;
COMMENT ON COLUMN TB_LIGHTING.CATEGORY_NO IS '조명 카테고리 번호' ;
COMMENT ON COLUMN TB_LIGHTING.BULB_YN IS '전구 사용 여부' ;
COMMENT ON COLUMN TB_LIGHTING.MANUFACTURER_NO IS '제조사 종류 번호' ;
COMMENT ON COLUMN TB_LIGHTING.STOCK_QTY IS '재고 수량' ;
COMMENT ON COLUMN TB_LIGHTING.REGIST_DATE IS '등록 일자' ;
COMMENT ON COLUMN TB_LIGHTING.SALE_YN IS '판매 여부' ;

CREATE TABLE TB_CATEGORY
(
  CATEGORY_NO              VARCHAR2(20) CONSTRAINT PK_CATEGORY_NO PRIMARY KEY,
  CATEGORY_NAME            VARCHAR2(80),
  REF_CATEGORY_NO          VARCHAR2(20)
);

COMMENT ON COLUMN TB_CATEGORY.CATEGORY_NO IS '조명 카테고리 번호' ;
COMMENT ON COLUMN TB_CATEGORY.CATEGORY_NAME IS '카테고리 이름' ;
COMMENT ON COLUMN TB_CATEGORY.REF_CATEGORY_NO IS '조명 상위 카테고리 번호' ;


CREATE TABLE TB_MANUFACTURER
(
  MANUFACTURER_NO              VARCHAR2(20) CONSTRAINT PK_MANUFACTURER_NO PRIMARY KEY,
  MANUFACTURER_NAME            VARCHAR2(80),
  PHONE                        VARCHAR2(20),
  ADDESS                       VARCHAR2(80),
  NATIONAL_NO                  VARCHAR2(20)
);

COMMENT ON COLUMN TB_MANUFACTURER.MANUFACTURER_NO IS '제조사 종류 번호' ;
COMMENT ON COLUMN TB_MANUFACTURER.MANUFACTURER_NAME IS '제조사 이름' ;
COMMENT ON COLUMN TB_MANUFACTURER.PHONE IS '제조사 연락처' ;
COMMENT ON COLUMN TB_MANUFACTURER.ADDESS IS '제조사 주소' ;
COMMENT ON COLUMN TB_MANUFACTURER.NATIONAL_NO IS '국가 번호' ;

CREATE TABLE TB_NATIONAL
(
  NATIONAL_NO              VARCHAR2(20) CONSTRAINT PK_NATIONAL_NO PRIMARY KEY,
  NATIONAL_NAME            VARCHAR2(50)
);


COMMENT ON COLUMN TB_NATIONAL.NATIONAL_NO IS '제조 국가 번호' ;
COMMENT ON COLUMN TB_NATIONAL.NATIONAL_NAME IS '제조 국가' ;


ALTER TABLE TB_LIGHTING
  ADD CONSTRAINT FK_CATEGORY_NO FOREIGN KEY (CATEGORY_NO)
  REFERENCES TB_CATEGORY (CATEGORY_NO);

ALTER TABLE TB_LIGHTING
  ADD CONSTRAINT FK_MANUFACTURER_NO FOREIGN KEY (MANUFACTURER_NO)
  REFERENCES TB_MANUFACTURER (MANUFACTURER_NO);

ALTER TABLE TB_MANUFACTURER
  ADD CONSTRAINT FK_NATIONAL_NO FOREIGN KEY (NATIONAL_NO)
  REFERENCES TB_NATIONAL (NATIONAL_NO);

ALTER TABLE TB_LIGHTING DISABLE CONSTRAINT FK_CATEGORY_NO;
ALTER TABLE TB_LIGHTING DISABLE CONSTRAINT FK_MANUFACTURER_NO;
ALTER TABLE TB_MANUFACTURER DISABLE CONSTRAINT FK_NATIONAL_NO;

INSERT INTO TB_NATIONAL (NATIONAL_NO, NATIONAL_NAME)
       VALUES ('KO', '한국');
INSERT INTO TB_NATIONAL (NATIONAL_NO, NATIONAL_NAME)
       VALUES ('CH', '중국');
INSERT INTO TB_NATIONAL (NATIONAL_NO, NATIONAL_NAME)
       VALUES ('JP', '일본');
INSERT INTO TB_NATIONAL (NATIONAL_NO, NATIONAL_NAME)
       VALUES ('VI', '베트남');
INSERT INTO TB_NATIONAL (NATIONAL_NO, NATIONAL_NAME)
       VALUES ('AM', '미국');
COMMIT;

INSERT INTO TB_MANUFACTURER (MANUFACTURER_NO, MANUFACTURER_NAME, PHONE, ADDESS, NATIONAL_NO )
	     VALUES ('M1', '삼성', '010-1234-5678', '서울시 서초구', 'KO');
INSERT INTO TB_MANUFACTURER (MANUFACTURER_NO, MANUFACTURER_NAME, PHONE, ADDESS, NATIONAL_NO )
	     VALUES ('M2', 'LG', '010-1234-5678', '서울시 서초구', 'KO');
INSERT INTO TB_MANUFACTURER (MANUFACTURER_NO, MANUFACTURER_NAME, PHONE, ADDESS, NATIONAL_NO )
	     VALUES ('M3', 'SONY', '010-1234-5678', '일본 도쿄', 'JP');
INSERT INTO TB_MANUFACTURER (MANUFACTURER_NO, MANUFACTURER_NAME, PHONE, ADDESS, NATIONAL_NO )
	     VALUES ('M4', '샤오미', '010-1234-5678', '중국 베이징', 'CH');
INSERT INTO TB_MANUFACTURER (MANUFACTURER_NO, MANUFACTURER_NAME, PHONE, ADDESS, NATIONAL_NO )
	     VALUES ('M5', 'APPLE', '010-1234-5678', '미국 캘리포니아', 'AM');
INSERT INTO TB_MANUFACTURER (MANUFACTURER_NO, MANUFACTURER_NAME, PHONE, ADDESS, NATIONAL_NO )
	     VALUES ('M6', 'EVN', '010-1234-5678', '베트남 하노이', 'VI');
COMMIT;
INSERT INTO TB_CATEGORY (CATEGORY_NO, CATEGORY_NAME, REF_CATEGORY_NO )
	     VALUES ('R1', '메인등', NULL);
INSERT INTO TB_CATEGORY (CATEGORY_NO, CATEGORY_NAME, REF_CATEGORY_NO )
	     VALUES ('K1', '보조등', NULL);
INSERT INTO TB_CATEGORY (CATEGORY_NO, CATEGORY_NAME, REF_CATEGORY_NO )
	     VALUES ('E1', '현관등', NULL);
INSERT INTO TB_CATEGORY (CATEGORY_NO, CATEGORY_NAME, REF_CATEGORY_NO )
	     VALUES ('L1', '전구', NULL);
INSERT INTO TB_CATEGORY (CATEGORY_NO, CATEGORY_NAME, REF_CATEGORY_NO )
	     VALUES ('R11', '거실등', 'R1');
INSERT INTO TB_CATEGORY (CATEGORY_NO, CATEGORY_NAME, REF_CATEGORY_NO )
	     VALUES ('R12', '방등', 'R1');
INSERT INTO TB_CATEGORY (CATEGORY_NO, CATEGORY_NAME, REF_CATEGORY_NO )
	     VALUES ('R13', '주방등', 'R1');
INSERT INTO TB_CATEGORY (CATEGORY_NO, CATEGORY_NAME, REF_CATEGORY_NO )
	     VALUES ('R14', '식탁등', 'R1');
INSERT INTO TB_CATEGORY (CATEGORY_NO, CATEGORY_NAME, REF_CATEGORY_NO )
	     VALUES ('R15', '욕실등', 'R1');
INSERT INTO TB_CATEGORY (CATEGORY_NO, CATEGORY_NAME, REF_CATEGORY_NO )
	     VALUES ('K11', '매입등', 'K1');
INSERT INTO TB_CATEGORY (CATEGORY_NO, CATEGORY_NAME, REF_CATEGORY_NO )
	     VALUES ('K12', 'T5', 'K1');
INSERT INTO TB_CATEGORY (CATEGORY_NO, CATEGORY_NAME, REF_CATEGORY_NO )
	     VALUES ('E11', '센서', 'E1');
INSERT INTO TB_CATEGORY (CATEGORY_NO, CATEGORY_NAME, REF_CATEGORY_NO )
	     VALUES ('E12', '일반', 'E1');
INSERT INTO TB_CATEGORY (CATEGORY_NO, CATEGORY_NAME, REF_CATEGORY_NO )
	     VALUES ('L11', 'LED볼', 'L1');
INSERT INTO TB_CATEGORY (CATEGORY_NO, CATEGORY_NAME, REF_CATEGORY_NO )
	     VALUES ('L12', 'LED에디슨', 'L1');
INSERT INTO TB_CATEGORY (CATEGORY_NO, CATEGORY_NAME, REF_CATEGORY_NO )
	     VALUES ('L13', 'LED벌브', 'L1');
INSERT INTO TB_CATEGORY (CATEGORY_NO, CATEGORY_NAME, REF_CATEGORY_NO )
	     VALUES ('L14', 'LED인치구', 'L1');
COMMIT;

INSERT 
	INTO TB_LIGHTING ( LIGHTING_NO, LIGHTING_NAME, LIGHTING_PRICE, CATEGORY_NO, 
	BULB_YN, MANUFACTURER_NO, STOCK_QTY, REGIST_DATE, SALE_YN)
  VALUES (SEQ_LIGHTING_NO.NEXTVAL, '심플거실등', 150000, 'R11','N','M1',20,'2012/06/14','Y');
INSERT 
	INTO TB_LIGHTING ( LIGHTING_NO, LIGHTING_NAME, LIGHTING_PRICE, CATEGORY_NO, 
	BULB_YN, MANUFACTURER_NO, STOCK_QTY, REGIST_DATE, SALE_YN)
  VALUES (SEQ_LIGHTING_NO.NEXTVAL, 'appple거실등', 330000, 'R11','N','M5',13,'2015/08/21','Y');
INSERT 
	INTO TB_LIGHTING ( LIGHTING_NO, LIGHTING_NAME, LIGHTING_PRICE, CATEGORY_NO, 
	BULB_YN, MANUFACTURER_NO, STOCK_QTY, REGIST_DATE, SALE_YN)
  VALUES (SEQ_LIGHTING_NO.NEXTVAL, '별자리 9등 거실등', 100000, 'R11','Y','M4',13,'2015/12/21','Y');
INSERT 
	INTO TB_LIGHTING ( LIGHTING_NO, LIGHTING_NAME, LIGHTING_PRICE, CATEGORY_NO, 
	BULB_YN, MANUFACTURER_NO, STOCK_QTY, REGIST_DATE, SALE_YN)
  VALUES (SEQ_LIGHTING_NO.NEXTVAL, '심플방등', 80000, 'R12','N','M2',28,'2012/06/20','Y');
INSERT 
	INTO TB_LIGHTING ( LIGHTING_NO, LIGHTING_NAME, LIGHTING_PRICE, CATEGORY_NO, 
	BULB_YN, MANUFACTURER_NO, STOCK_QTY, REGIST_DATE, SALE_YN)
  VALUES (SEQ_LIGHTING_NO.NEXTVAL, 'apple방등', 280000, 'R12','N','M5',13,'2015/08/30','Y');
INSERT 
	INTO TB_LIGHTING ( LIGHTING_NO, LIGHTING_NAME, LIGHTING_PRICE, CATEGORY_NO, 
	BULB_YN, MANUFACTURER_NO, STOCK_QTY, REGIST_DATE, SALE_YN)
  VALUES (SEQ_LIGHTING_NO.NEXTVAL, '별자리 5등 방등', 38000, 'R12','Y','M4',13,'2016/01/03','Y');
INSERT 
	INTO TB_LIGHTING ( LIGHTING_NO, LIGHTING_NAME, LIGHTING_PRICE, CATEGORY_NO, 
	BULB_YN, MANUFACTURER_NO, STOCK_QTY, REGIST_DATE, SALE_YN)
  VALUES (SEQ_LIGHTING_NO.NEXTVAL, '심플주방등', 60000, 'R13','N','M1',12,'2012/06/20','Y');
INSERT 
	INTO TB_LIGHTING ( LIGHTING_NO, LIGHTING_NAME, LIGHTING_PRICE, CATEGORY_NO, 
	BULB_YN, MANUFACTURER_NO, STOCK_QTY, REGIST_DATE, SALE_YN)
  VALUES (SEQ_LIGHTING_NO.NEXTVAL, '뫼비우스', 130000, 'R14','N','M6',9,'2020/04/24','Y');
INSERT 
	INTO TB_LIGHTING ( LIGHTING_NO, LIGHTING_NAME, LIGHTING_PRICE, CATEGORY_NO, 
	BULB_YN, MANUFACTURER_NO, STOCK_QTY, REGIST_DATE, SALE_YN)
  VALUES (SEQ_LIGHTING_NO.NEXTVAL, '비너스 12등', 130000, 'R14','Y','M3',3,'2018/12/21','Y');
INSERT 
	INTO TB_LIGHTING ( LIGHTING_NO, LIGHTING_NAME, LIGHTING_PRICE, CATEGORY_NO, 
	BULB_YN, MANUFACTURER_NO, STOCK_QTY, REGIST_DATE, SALE_YN)
  VALUES (SEQ_LIGHTING_NO.NEXTVAL, '비너스 28등', 480000, 'R14','Y','M3',3,'2018/12/21','Y');
INSERT 
	INTO TB_LIGHTING ( LIGHTING_NO, LIGHTING_NAME, LIGHTING_PRICE, CATEGORY_NO, 
	BULB_YN, MANUFACTURER_NO, STOCK_QTY, REGIST_DATE, SALE_YN)
  VALUES (SEQ_LIGHTING_NO.NEXTVAL, '판타지아', 110000, 'R14','N','M2',3,'2018/12/21','Y');
INSERT 
	INTO TB_LIGHTING ( LIGHTING_NO, LIGHTING_NAME, LIGHTING_PRICE, CATEGORY_NO, 
	BULB_YN, MANUFACTURER_NO, STOCK_QTY, REGIST_DATE, SALE_YN)
  VALUES (SEQ_LIGHTING_NO.NEXTVAL, '심플욕실등', 30000, 'R15','N','M2',17,'2012/06/20','Y');
INSERT 
	INTO TB_LIGHTING ( LIGHTING_NO, LIGHTING_NAME, LIGHTING_PRICE, CATEGORY_NO, 
	BULB_YN, MANUFACTURER_NO, STOCK_QTY, REGIST_DATE, SALE_YN)
  VALUES (SEQ_LIGHTING_NO.NEXTVAL, 'apple욕실등', 30000, 'R15','N','M5',17,'2015/08/29','Y');
INSERT 
	INTO TB_LIGHTING ( LIGHTING_NO, LIGHTING_NAME, LIGHTING_PRICE, CATEGORY_NO, 
	BULB_YN, MANUFACTURER_NO, STOCK_QTY, REGIST_DATE, SALE_YN)
  VALUES (SEQ_LIGHTING_NO.NEXTVAL, '3인치 심플 매입등', 8000, 'K11','N','M4',50,'2012/08/14','Y');
INSERT 
	INTO TB_LIGHTING ( LIGHTING_NO, LIGHTING_NAME, LIGHTING_PRICE, CATEGORY_NO, 
	BULB_YN, MANUFACTURER_NO, STOCK_QTY, REGIST_DATE, SALE_YN)
  VALUES (SEQ_LIGHTING_NO.NEXTVAL, '4인치 심플 매입등', 9000, 'K11','N','M4',50,'2012/08/14','Y');
INSERT 
	INTO TB_LIGHTING ( LIGHTING_NO, LIGHTING_NAME, LIGHTING_PRICE, CATEGORY_NO, 
	BULB_YN, MANUFACTURER_NO, STOCK_QTY, REGIST_DATE, SALE_YN)
  VALUES (SEQ_LIGHTING_NO.NEXTVAL, '5인치 심플 매입등', 10000, 'K11','N','M4',50,'2012/08/14','Y');
INSERT 
	INTO TB_LIGHTING ( LIGHTING_NO, LIGHTING_NAME, LIGHTING_PRICE, CATEGORY_NO, 
	BULB_YN, MANUFACTURER_NO, STOCK_QTY, REGIST_DATE, SALE_YN)
  VALUES (SEQ_LIGHTING_NO.NEXTVAL, '6인치 심플 매입등', 11000, 'K11','N','M4',50,'2012/08/14','Y');
  INSERT 
	INTO TB_LIGHTING ( LIGHTING_NO, LIGHTING_NAME, LIGHTING_PRICE, CATEGORY_NO, 
	BULB_YN, MANUFACTURER_NO, STOCK_QTY, REGIST_DATE, SALE_YN)
  VALUES (SEQ_LIGHTING_NO.NEXTVAL, '10인치 심플 매입등', 15000, 'K11','N','M4',50,'2012/08/14','Y');
INSERT	
  INTO TB_LIGHTING ( LIGHTING_NO, LIGHTING_NAME, LIGHTING_PRICE, CATEGORY_NO, 
	BULB_YN, MANUFACTURER_NO, STOCK_QTY, REGIST_DATE, SALE_YN)
  VALUES (SEQ_LIGHTING_NO.NEXTVAL, '네온T5', 11000, 'K12','N','M1',28,'2020/03/27','Y');
INSERT	
  INTO TB_LIGHTING ( LIGHTING_NO, LIGHTING_NAME, LIGHTING_PRICE, CATEGORY_NO, 
	BULB_YN, MANUFACTURER_NO, STOCK_QTY, REGIST_DATE, SALE_YN)
  VALUES (SEQ_LIGHTING_NO.NEXTVAL, '네온-T5', 11000, 'K12','N','M2',28,'2020/04/27','Y');
INSERT	
  INTO TB_LIGHTING ( LIGHTING_NO, LIGHTING_NAME, LIGHTING_PRICE, CATEGORY_NO, 
	BULB_YN, MANUFACTURER_NO, STOCK_QTY, REGIST_DATE, SALE_YN)
  VALUES (SEQ_LIGHTING_NO.NEXTVAL, '심플현관센서', 15000, 'E11','N','M1',14,'2012/06/28','Y');
INSERT	
  INTO TB_LIGHTING ( LIGHTING_NO, LIGHTING_NAME, LIGHTING_PRICE, CATEGORY_NO, 
	BULB_YN, MANUFACTURER_NO, STOCK_QTY, REGIST_DATE, SALE_YN)
  VALUES (SEQ_LIGHTING_NO.NEXTVAL, '하노이현관센서', 15000, 'E11','N','M6',14,'2012/06/28','Y');
INSERT	
  INTO TB_LIGHTING ( LIGHTING_NO, LIGHTING_NAME, LIGHTING_PRICE, CATEGORY_NO, 
	BULB_YN, MANUFACTURER_NO, STOCK_QTY, REGIST_DATE, SALE_YN)
  VALUES (SEQ_LIGHTING_NO.NEXTVAL, '판타지아현관센서', 15000, 'E11','Y','M3',14,'2012/06/28','Y');
INSERT
	INTO TB_LIGHTING ( LIGHTING_NO, LIGHTING_NAME, LIGHTING_PRICE, CATEGORY_NO, 
	BULB_YN, MANUFACTURER_NO, STOCK_QTY, REGIST_DATE, SALE_YN)
  VALUES (SEQ_LIGHTING_NO.NEXTVAL, '심플현관일반', 13000, 'E12','N','M1',13,'2012/06/28','Y');
INSERT
	INTO TB_LIGHTING ( LIGHTING_NO, LIGHTING_NAME, LIGHTING_PRICE, CATEGORY_NO, 
	BULB_YN, MANUFACTURER_NO, STOCK_QTY, REGIST_DATE, SALE_YN)
  VALUES (SEQ_LIGHTING_NO.NEXTVAL, '하노이현관일반', 13000, 'E12','N','M6',13,'2012/07/01','Y');
INSERT	
  INTO TB_LIGHTING ( LIGHTING_NO, LIGHTING_NAME, LIGHTING_PRICE, CATEGORY_NO, 
	BULB_YN, MANUFACTURER_NO, STOCK_QTY, REGIST_DATE, SALE_YN)
  VALUES (SEQ_LIGHTING_NO.NEXTVAL, 'LED볼전구 12W', 3000, 'L11', NULL,'M2',118,'2010/03/03','Y');
INSERT	
  INTO TB_LIGHTING ( LIGHTING_NO, LIGHTING_NAME, LIGHTING_PRICE, CATEGORY_NO, 
	BULB_YN, MANUFACTURER_NO, STOCK_QTY, REGIST_DATE, SALE_YN)
  VALUES (SEQ_LIGHTING_NO.NEXTVAL, 'LED에디슨 토네이도', 8000, 'L12', NULL,'M4',20,'2010/03/03','Y');
INSERT
	INTO TB_LIGHTING ( LIGHTING_NO, LIGHTING_NAME, LIGHTING_PRICE, CATEGORY_NO, 
	BULB_YN, MANUFACTURER_NO, STOCK_QTY, REGIST_DATE, SALE_YN)
  VALUES (SEQ_LIGHTING_NO.NEXTVAL, 'LED벌브 8W', 3000, 'L13', NULL,'M3',108,'2010/03/13','Y');
INSERT
	INTO TB_LIGHTING ( LIGHTING_NO, LIGHTING_NAME, LIGHTING_PRICE, CATEGORY_NO, 
	BULB_YN, MANUFACTURER_NO, STOCK_QTY, REGIST_DATE, SALE_YN)
  VALUES (SEQ_LIGHTING_NO.NEXTVAL, 'LED인치구 3W', 2000, 'L14', NULL,'M5',80,'2010/03/03','Y');
COMMIT;

ALTER TABLE TB_LIGHTING ENABLE CONSTRAINT FK_CATEGORY_NO;
ALTER TABLE TB_LIGHTING ENABLE CONSTRAINT FK_MANUFACTURER_NO;
ALTER TABLE TB_MANUFACTURER ENABLE CONSTRAINT FK_NATIONAL_NO;